datetime,Actuals,Predictions
2022-10-21 00:00:00,0.0,-2.0950327
2022-10-21 01:00:00,0.0,-15.450868
2022-10-21 02:00:00,0.0,-28.847961
2022-10-21 03:00:00,0.0,-40.12909
2022-10-21 04:00:00,0.0,-42.95038
2022-10-21 05:00:00,0.0,-21.734558
2022-10-21 06:00:00,44.15499999999997,83.06622
2022-10-21 07:00:00,1122.127,1005.855
2022-10-21 08:00:00,2912.566,2655.932
2022-10-21 09:00:00,4083.018,4334.059
2022-10-21 10:00:00,4761.053,5042.109
2022-10-21 11:00:00,5356.393,5286.2646
2022-10-21 12:00:00,5559.214,5538.8945
2022-10-21 13:00:00,5153.245,5330.6562
2022-10-21 14:00:00,4399.403,4488.899
2022-10-21 15:00:00,3144.879,3279.3386
2022-10-21 16:00:00,1452.682,1661.5233
2022-10-21 17:00:00,95.30700000000002,349.66522
2022-10-21 18:00:00,0.0,-102.9046
2022-10-21 19:00:00,0.0,30.96051
2022-10-21 20:00:00,0.0,1.6622916
2022-10-21 21:00:00,0.0,16.903625
2022-10-21 22:00:00,0.0,1.8960563
2022-10-21 23:00:00,0.0,-8.099671
2022-10-22 00:00:00,0.0,-17.763977
2022-10-22 01:00:00,0.0,-31.719788
2022-10-22 02:00:00,0.0,-42.98883
2022-10-22 03:00:00,0.0,-50.28595
2022-10-22 04:00:00,0.0,-45.918884
2022-10-22 05:00:00,0.0,-13.993348
2022-10-22 06:00:00,12.686999999999898,160.18915
2022-10-22 07:00:00,758.172,973.1819
2022-10-22 08:00:00,2804.809,2271.6018
2022-10-22 09:00:00,4386.923,4238.049
2022-10-22 10:00:00,5306.02,5416.979
2022-10-22 11:00:00,5675.873,5838.1484
2022-10-22 12:00:00,5821.18,5788.61
2022-10-22 13:00:00,5580.556,5557.3057
2022-10-22 14:00:00,4743.847,4897.364
2022-10-22 15:00:00,3381.215,3552.9346
2022-10-22 16:00:00,1542.143,1771.5939
2022-10-22 17:00:00,100.58200000000011,329.9715
2022-10-22 18:00:00,0.0,-129.60187
2022-10-22 19:00:00,0.0,19.1568
2022-10-22 20:00:00,0.0,-3.4337778
2022-10-22 21:00:00,0.0,19.512024
2022-10-22 22:00:00,0.0,6.819274
2022-10-22 23:00:00,0.0,0.4773551
2022-10-23 00:00:00,0.0,-6.8551645
2022-10-23 01:00:00,0.0,-20.756897
2022-10-23 02:00:00,0.0,-33.707947
2022-10-23 03:00:00,0.0,-45.595398
2022-10-23 04:00:00,0.0,-49.065613
2022-10-23 05:00:00,0.0,-29.320007
2022-10-23 06:00:00,40.506000000000085,52.324646
2022-10-23 07:00:00,1103.495,830.9139
2022-10-23 08:00:00,2983.666,2632.8562
2022-10-23 09:00:00,4409.619,4405.932
2022-10-23 10:00:00,5285.508,5407.73
2022-10-23 11:00:00,5942.325,5817.5874
2022-10-23 12:00:00,5904.99,6078.5376
2022-10-23 13:00:00,5580.27,5588.309
2022-10-23 14:00:00,4699.003,4859.513
2022-10-23 15:00:00,3367.479,3485.9143
2022-10-23 16:00:00,1516.392,1775.9263
2022-10-23 17:00:00,93.11699999999996,312.28058
2022-10-23 18:00:00,0.0,-129.96698
2022-10-23 19:00:00,0.0,19.510437
2022-10-23 20:00:00,0.0,-5.3898325
2022-10-23 21:00:00,0.0,18.232971
2022-10-23 22:00:00,0.0,8.046447
2022-10-23 23:00:00,0.0,1.9317008
2022-10-24 00:00:00,0.0,-5.6625376
2022-10-24 01:00:00,0.0,-19.309998
2022-10-24 02:00:00,0.0,-32.304626
2022-10-24 03:00:00,0.0,-42.67633
2022-10-24 04:00:00,0.0,-44.36676
2022-10-24 05:00:00,0.0,-21.370056
2022-10-24 06:00:00,19.585999999999785,92.78705
2022-10-24 07:00:00,938.817,968.06793
2022-10-24 08:00:00,2873.779,2462.83
2022-10-24 09:00:00,4454.721999999999,4328.497
2022-10-24 10:00:00,5207.6939999999995,5509.3027
2022-10-24 11:00:00,5598.473,5739.807
2022-10-24 12:00:00,5705.626,5723.918
2022-10-24 13:00:00,5473.824,5446.7095
2022-10-24 14:00:00,4600.177,4809.1455
2022-10-24 15:00:00,3277.837,3433.6677
2022-10-24 16:00:00,1459.749,1716.183
2022-10-24 17:00:00,89.0920000000001,307.83344
2022-10-24 18:00:00,0.0,-115.726135
2022-10-24 19:00:00,0.0,22.105286
2022-10-24 20:00:00,0.0,-1.2985238
2022-10-24 21:00:00,0.0,19.604675
2022-10-24 22:00:00,0.0,6.8809195
2022-10-24 23:00:00,0.0,-1.7446908
2022-10-25 00:00:00,0.0,-9.486146
2022-10-25 01:00:00,0.0,-23.895325
2022-10-25 02:00:00,0.0,-36.687073
2022-10-25 03:00:00,0.0,-46.652283
2022-10-25 04:00:00,0.0,-47.654602
2022-10-25 05:00:00,0.0,-23.463562
2022-10-25 06:00:00,37.01700000000005,89.44733
2022-10-25 07:00:00,1092.154,920.3226
2022-10-25 08:00:00,2976.042,2618.6274
2022-10-25 09:00:00,4332.893,4381.073
2022-10-25 10:00:00,5283.99,5302.076
2022-10-25 11:00:00,5884.244,5809.5815
2022-10-25 12:00:00,5700.842,6006.6606
2022-10-25 13:00:00,5546.989,5362.342
2022-10-25 14:00:00,4609.677,4843.7676
2022-10-25 15:00:00,3244.03,3389.6687
2022-10-25 16:00:00,1470.719,1659.3163
2022-10-25 17:00:00,85.67499999999995,319.60748
2022-10-25 18:00:00,0.0,-128.61859
2022-10-25 19:00:00,0.0,23.168396
2022-10-25 20:00:00,0.0,-3.9716196
2022-10-25 21:00:00,0.0,18.325012
2022-10-25 22:00:00,0.0,7.38507
2022-10-25 23:00:00,0.0,0.16155921
2022-10-26 00:00:00,0.0,-8.426698
2022-10-26 01:00:00,0.0,-22.227234
2022-10-26 02:00:00,0.0,-34.856018
2022-10-26 03:00:00,0.0,-43.659973
2022-10-26 04:00:00,0.0,-44.045105
2022-10-26 05:00:00,0.0,-18.937927
2022-10-26 06:00:00,37.059999999999945,108.158264
2022-10-26 07:00:00,1081.866,990.34546
2022-10-26 08:00:00,2999.019,2608.4805
2022-10-26 09:00:00,4335.542,4418.5957
2022-10-26 10:00:00,5290.163,5308.157
2022-10-26 11:00:00,5783.598,5822.6216
2022-10-26 12:00:00,5966.395,5896.1167
2022-10-26 13:00:00,5666.901,5671.9805
2022-10-26 14:00:00,4759.818,4936.845
2022-10-26 15:00:00,3331.445,3514.5784
2022-10-26 16:00:00,1495.071,1703.2764
2022-10-26 17:00:00,77.375,312.64313
2022-10-26 18:00:00,0.0,-143.55817
2022-10-26 19:00:00,0.0,20.619812
2022-10-26 20:00:00,0.0,-8.160462
2022-10-26 21:00:00,0.0,16.97528
2022-10-26 22:00:00,0.0,6.7803335
2022-10-26 23:00:00,0.0,0.44879064
2022-10-27 00:00:00,0.0,-6.508485
2022-10-27 01:00:00,0.0,-19.731262
2022-10-27 02:00:00,0.0,-32.523254
2022-10-27 03:00:00,0.0,-43.12152
2022-10-27 04:00:00,0.0,-44.813416
2022-10-27 05:00:00,0.0,-22.102844
2022-10-27 06:00:00,37.153999999999996,89.08295
2022-10-27 07:00:00,1062.932,977.40265
2022-10-27 08:00:00,2988.098,2590.3406
2022-10-27 09:00:00,4469.158,4427.7837
2022-10-27 10:00:00,5265.282,5486.0376
2022-10-27 11:00:00,5795.744,5786.9727
2022-10-27 12:00:00,5847.001,5922.9165
2022-10-27 13:00:00,5561.946,5550.701
2022-10-27 14:00:00,4727.281,4853.1475
2022-10-27 15:00:00,3367.715,3517.512
2022-10-27 16:00:00,1484.875,1763.8394
2022-10-27 17:00:00,78.49199999999996,297.40497
2022-10-27 18:00:00,0.0,-130.70514
2022-10-27 19:00:00,0.0,20.782166
2022-10-27 20:00:00,0.0,-5.67682
2022-10-27 21:00:00,0.0,18.38617
2022-10-27 22:00:00,0.0,7.215514
2022-10-27 23:00:00,0.0,0.5585319
2022-10-28 00:00:00,0.0,-6.9276743
2022-10-28 01:00:00,0.0,-20.909119
2022-10-28 02:00:00,0.0,-34.06598
2022-10-28 03:00:00,0.0,-44.433655
2022-10-28 04:00:00,0.0,-46.161682
2022-10-28 05:00:00,0.0,-23.125916
2022-10-28 06:00:00,33.641000000000076,89.00763
2022-10-28 07:00:00,1060.291,964.28235
2022-10-28 08:00:00,2986.818,2588.5857
2022-10-28 09:00:00,4319.863,4421.3516
2022-10-28 10:00:00,5190.288,5304.0303
2022-10-28 11:00:00,5637.188999999999,5722.7515
2022-10-28 12:00:00,5722.561,5760.8633
2022-10-28 13:00:00,5652.356,5442.8228
2022-10-28 14:00:00,4762.234,4976.2905
2022-10-28 15:00:00,3321.59,3550.859
2022-10-28 16:00:00,1466.082,1705.0847
2022-10-28 17:00:00,70.51999999999998,303.89703
2022-10-28 18:00:00,0.0,-136.86249
2022-10-28 19:00:00,0.0,21.812073
2022-10-28 20:00:00,0.0,-7.206849
2022-10-28 21:00:00,0.0,16.529846
2022-10-28 22:00:00,0.0,5.1028433
2022-10-28 23:00:00,0.0,-2.1869516
2022-10-29 00:00:00,0.0,-9.8516245
2022-10-29 01:00:00,0.0,-23.532532
2022-10-29 02:00:00,0.0,-36.187805
2022-10-29 03:00:00,0.0,-45.453674
2022-10-29 04:00:00,0.0,-46.308655
2022-10-29 05:00:00,0.0,-23.059875
2022-10-29 06:00:00,34.12300000000005,96.588684
2022-10-29 07:00:00,1048.379,959.1063
2022-10-29 08:00:00,2915.772,2574.183
2022-10-29 09:00:00,4269.912,4335.0674
2022-10-29 10:00:00,5146.12,5253.103
2022-10-29 11:00:00,5597.73,5680.1987
2022-10-29 12:00:00,5812.937,5727.1313
2022-10-29 13:00:00,5443.178,5547.783
2022-10-29 14:00:00,4610.296999999999,4735.685
2022-10-29 15:00:00,3235.726,3414.1377
2022-10-29 16:00:00,1352.934,1656.5436
2022-10-29 17:00:00,67.70800000000008,258.44965
2022-10-29 18:00:00,0.0,-109.07062
2022-10-29 19:00:00,0.0,19.825256
2022-10-29 20:00:00,0.0,-2.8880014
2022-10-29 21:00:00,0.0,16.42279
2022-10-29 22:00:00,0.0,4.577697
2022-10-29 23:00:00,0.0,-4.017274
2022-10-30 00:00:00,0.0,-11.873353
2022-10-30 01:00:00,0.0,-25.70514
2022-10-30 02:00:00,0.0,-38.087463
2022-10-30 03:00:00,0.0,-47.839417
2022-10-30 04:00:00,0.0,-47.634705
2022-10-30 05:00:00,0.0,-23.9953
2022-10-30 06:00:00,33.65599999999995,105.494934
2022-10-30 07:00:00,1139.638,959.54706
2022-10-30 08:00:00,3015.465,2668.5403
2022-10-30 09:00:00,4407.835,4417.8164
2022-10-30 10:00:00,5177.533,5376.681
2022-10-30 11:00:00,5562.371,5671.0244
2022-10-30 12:00:00,5560.36,5659.4136
2022-10-30 13:00:00,5418.009,5251.028
2022-10-30 14:00:00,4552.911999999999,4723.2754
2022-10-30 15:00:00,3236.361,3340.89
2022-10-30 16:00:00,1385.63,1659.0898
2022-10-30 17:00:00,63.63799999999992,276.83392
2022-10-30 18:00:00,0.0,-112.96149
2022-10-30 19:00:00,0.0,25.285583
2022-10-30 20:00:00,0.0,-1.7341927
2022-10-30 21:00:00,0.0,18.29535
2022-10-30 22:00:00,0.0,5.253356
2022-10-30 23:00:00,0.0,-3.954896
2022-10-31 00:00:00,0.0,-12.843934
2022-10-31 01:00:00,0.0,-27.045471
2022-10-31 02:00:00,0.0,-39.81366
2022-10-31 03:00:00,0.0,-47.56952
2022-10-31 04:00:00,0.0,-46.322205
2022-10-31 05:00:00,0.0,-20.053162
2022-10-31 06:00:00,30.20399999999995,128.29803
2022-10-31 07:00:00,1118.276,1001.8358
2022-10-31 08:00:00,2924.811,2645.4243
2022-10-31 09:00:00,4510.123,4306.484
2022-10-31 10:00:00,5446.242,5504.9834
2022-10-31 11:00:00,5880.968,5956.314
2022-10-31 12:00:00,6044.524,5956.67
2022-10-31 13:00:00,5329.205,5718.083
2022-10-31 14:00:00,4564.189,4539.921
2022-10-31 15:00:00,3202.089,3338.3635
2022-10-31 16:00:00,1388.294,1616.0916
2022-10-31 17:00:00,54.90100000000007,282.25372
2022-10-31 18:00:00,0.0,-130.82697
2022-10-31 19:00:00,0.0,26.222717
2022-10-31 20:00:00,0.0,-4.206971
2022-10-31 21:00:00,0.0,20.227478
2022-10-31 22:00:00,0.0,8.690612
2022-10-31 23:00:00,0.0,1.2051383
2022-11-01 00:00:00,0.0,-5.9556284
2022-11-01 01:00:00,0.0,-19.8797
2022-11-01 02:00:00,0.0,-33.036804
2022-11-01 03:00:00,0.0,-44.187073
2022-11-01 04:00:00,0.0,-45.22589
2022-11-01 05:00:00,0.0,-21.827698
2022-11-01 06:00:00,30.409000000000106,100.75519
2022-11-01 07:00:00,1091.801,1007.9423
2022-11-01 08:00:00,2790.74,2619.6565
2022-11-01 09:00:00,4012.8810000000003,4170.936
2022-11-01 10:00:00,5003.25,4958.4536
2022-11-01 11:00:00,5699.975999999999,5557.6626
2022-11-01 12:00:00,5773.93,5858.8315
2022-11-01 13:00:00,5302.564,5468.8
2022-11-01 14:00:00,4594.145,4563.9307
2022-11-01 15:00:00,3271.799,3389.6624
2022-11-01 16:00:00,1415.577,1693.8508
2022-11-01 17:00:00,56.249000000000024,290.14215
2022-11-01 18:00:00,0.0,-122.10541
2022-11-01 19:00:00,0.0,27.338806
2022-11-01 20:00:00,0.0,-4.657777
2022-11-01 21:00:00,0.0,15.636535
2022-11-01 22:00:00,0.0,3.154479
2022-11-01 23:00:00,0.0,-5.029725
2022-11-02 00:00:00,0.0,-13.151917
2022-11-02 01:00:00,0.0,-27.10199
2022-11-02 02:00:00,0.0,-38.83026
2022-11-02 03:00:00,0.0,-48.46869
2022-11-02 04:00:00,0.0,-47.46295
2022-11-02 05:00:00,0.0,-21.730652
2022-11-02 06:00:00,30.355000000000018,116.407776
2022-11-02 07:00:00,1117.586,937.05475
2022-11-02 08:00:00,3039.458,2645.4033
2022-11-02 09:00:00,4540.423,4449.469
2022-11-02 10:00:00,5463.378,5531.9824
2022-11-02 11:00:00,5903.879,5970.675
2022-11-02 12:00:00,5888.456,5980.845
2022-11-02 13:00:00,5190.17,5548.6455
2022-11-02 14:00:00,4385.062,4421.9473
2022-11-02 15:00:00,2865.022,3190.337
2022-11-02 16:00:00,1303.489,1326.9143
2022-11-02 17:00:00,49.565000000000055,324.6181
2022-11-02 18:00:00,0.0,-137.68878
2022-11-02 19:00:00,0.0,34.038513
2022-11-02 20:00:00,0.0,-1.5639046
2022-11-02 21:00:00,0.0,21.768982
2022-11-02 22:00:00,0.0,8.6882925
2022-11-02 23:00:00,0.0,0.4365836
2022-11-03 00:00:00,0.0,-8.193177
2022-11-03 01:00:00,0.0,-22.577332
2022-11-03 02:00:00,0.0,-35.308167
2022-11-03 03:00:00,0.0,-44.530945
2022-11-03 04:00:00,0.0,-43.23175
2022-11-03 05:00:00,0.0,-17.723938
2022-11-03 06:00:00,26.764999999999873,130.29242
2022-11-03 07:00:00,1075.483,1044.8916
2022-11-03 08:00:00,2984.241,2594.1985
2022-11-03 09:00:00,4533.771,4371.763
2022-11-03 10:00:00,5504.449,5512.2803
2022-11-03 11:00:00,5921.86,5997.0864
2022-11-03 12:00:00,5754.444,5975.1934
2022-11-03 13:00:00,4908.994,5381.448
2022-11-03 14:00:00,4371.815,4114.458
2022-11-03 15:00:00,3085.781,3187.6907
2022-11-03 16:00:00,1389.077,1563.5587
2022-11-03 17:00:00,52.784000000000106,321.7436
2022-11-03 18:00:00,0.0,-122.35785
2022-11-03 19:00:00,0.0,38.159363
2022-11-03 20:00:00,0.0,2.1576529
2022-11-03 21:00:00,0.0,24.216614
2022-11-03 22:00:00,0.0,10.580871
2022-11-03 23:00:00,0.0,1.2587272
2022-11-04 00:00:00,0.0,-8.572694
2022-11-04 01:00:00,0.0,-23.8432
2022-11-04 02:00:00,0.0,-37.299988
2022-11-04 03:00:00,0.0,-47.41925
2022-11-04 04:00:00,0.0,-46.940735
2022-11-04 05:00:00,0.0,-19.697815
2022-11-04 06:00:00,26.61999999999989,122.072815
2022-11-04 07:00:00,1104.175,1028.3312
2022-11-04 08:00:00,2962.249,2628.7654
2022-11-04 09:00:00,4563.380999999999,4339.572
2022-11-04 10:00:00,5514.169,5551.0933
2022-11-04 11:00:00,5911.605,6009.9546
2022-11-04 12:00:00,5679.505,5970.856
2022-11-04 13:00:00,5490.531,5317.2607
2022-11-04 14:00:00,4620.06,4761.832
2022-11-04 15:00:00,3224.591,3382.98
2022-11-04 16:00:00,1369.708,1625.6857
2022-11-04 17:00:00,49.674999999999955,264.89398
2022-11-04 18:00:00,0.0,-128.83356
2022-11-04 19:00:00,0.0,24.492493
2022-11-04 20:00:00,0.0,-4.413148
2022-11-04 21:00:00,0.0,20.050842
2022-11-04 22:00:00,0.0,8.621276
2022-11-04 23:00:00,0.0,0.82379067
2022-11-05 00:00:00,0.0,-7.515321
2022-11-05 01:00:00,0.0,-21.840149
2022-11-05 02:00:00,0.0,-35.244446
2022-11-05 03:00:00,0.0,-44.292786
2022-11-05 04:00:00,0.0,-45.54071
2022-11-05 05:00:00,0.0,-22.916443
2022-11-05 06:00:00,26.788999999999987,99.415955
2022-11-05 07:00:00,1084.377,991.23315
2022-11-05 08:00:00,2889.891,2612.5447
2022-11-05 09:00:00,4283.917999999999,4290.884
2022-11-05 10:00:00,5133.275,5263.476
2022-11-05 11:00:00,5464.875,5653.5684
2022-11-05 12:00:00,5471.719,5568.382
2022-11-05 13:00:00,5130.484,5179.3677
2022-11-05 14:00:00,4280.478999999999,4440.479
2022-11-05 15:00:00,3001.954,3117.1597
2022-11-05 16:00:00,1319.819,1500.3766
2022-11-05 17:00:00,46.31899999999996,299.34918
2022-11-05 18:00:00,0.0,-110.53815
2022-11-05 19:00:00,0.0,36.086365
2022-11-05 20:00:00,0.0,2.1220083
2022-11-05 21:00:00,0.0,20.086365
2022-11-05 22:00:00,0.0,4.702819
2022-11-05 23:00:00,0.0,-6.445985
2022-11-06 00:00:00,0.0,-16.062439
2022-11-06 01:00:00,0.0,-30.998962
2022-11-06 02:00:00,0.0,-42.96222
2022-11-06 03:00:00,0.0,-49.911926
2022-11-06 04:00:00,0.0,-46.4068
2022-11-06 05:00:00,0.0,-16.614075
2022-11-06 06:00:00,23.75,153.3587
2022-11-06 07:00:00,971.352,996.94025
2022-11-06 08:00:00,2609.442,2485.817
2022-11-06 09:00:00,3673.348,3947.2058
2022-11-06 10:00:00,4153.621,4571.818
2022-11-06 11:00:00,3985.2390000000005,4627.328
2022-11-06 12:00:00,3500.205,4163.595
2022-11-06 13:00:00,4225.939,3411.6243
2022-11-06 14:00:00,4207.282,3799.024
2022-11-06 15:00:00,3169.955,3281.6118
2022-11-06 16:00:00,1363.165,1835.0151
2022-11-06 17:00:00,46.33600000000001,370.50433
2022-11-06 18:00:00,0.0,-30.695618
2022-11-06 19:00:00,0.0,65.11322
2022-11-06 20:00:00,0.0,19.339294
2022-11-06 21:00:00,0.0,20.053894
2022-11-06 22:00:00,0.0,-7.0598764
2022-11-06 23:00:00,0.0,-32.193176
2022-11-07 00:00:00,0.0,-48.734314
2022-11-07 01:00:00,0.0,-68.81708
2022-11-07 02:00:00,0.0,-78.77301
2022-11-07 03:00:00,0.0,-76.64789
2022-11-07 04:00:00,0.0,-62.198425
2022-11-07 05:00:00,0.0,-14.40326
2022-11-07 06:00:00,23.73400000000015,259.64276
2022-11-07 07:00:00,1043.408,966.19604
2022-11-07 08:00:00,2779.136,2544.0874
2022-11-07 09:00:00,4029.607,4067.8157
2022-11-07 10:00:00,5018.376,4928.0034
2022-11-07 11:00:00,5557.3,5564.877
2022-11-07 12:00:00,5639.454,5710.0303
2022-11-07 13:00:00,5181.102,5357.479
2022-11-07 14:00:00,4322.406,4458.6826
2022-11-07 15:00:00,3012.266,3136.4849
2022-11-07 16:00:00,1318.582,1491.3302
2022-11-07 17:00:00,46.583000000000084,295.06647
2022-11-07 18:00:00,0.0,-113.55133
2022-11-07 19:00:00,0.0,33.447693
2022-11-07 20:00:00,0.0,0.17571937
2022-11-07 21:00:00,0.0,17.739197
2022-11-07 22:00:00,0.0,3.3786001
2022-11-07 23:00:00,0.0,-7.0148325
2022-11-08 00:00:00,0.0,-15.892152
2022-11-08 01:00:00,0.0,-30.312561
2022-11-08 02:00:00,0.0,-41.559875
2022-11-08 03:00:00,0.0,-49.77069
2022-11-08 04:00:00,0.0,-46.779236
2022-11-08 05:00:00,0.0,-18.327454
2022-11-08 06:00:00,24.013999999999896,141.206
2022-11-08 07:00:00,1062.119,949.2256
2022-11-08 08:00:00,2899.029,2581.8518
2022-11-08 09:00:00,4219.634,4265.3486
2022-11-08 10:00:00,5302.051,5150.1353
2022-11-08 11:00:00,5783.452,5815.1387
2022-11-08 12:00:00,5869.022,5872.742
2022-11-08 13:00:00,5560.313,5540.865
2022-11-08 14:00:00,4678.684,4801.6367
2022-11-08 15:00:00,3270.71,3407.121
2022-11-08 16:00:00,1349.173,1637.0787
2022-11-08 17:00:00,46.57999999999993,241.52887
2022-11-08 18:00:00,0.0,-125.25177
2022-11-08 19:00:00,0.0,20.096863
2022-11-08 20:00:00,0.0,-6.199891
2022-11-08 21:00:00,0.0,16.152283
2022-11-08 22:00:00,0.0,5.585265
2022-11-08 23:00:00,0.0,-2.0759897
2022-11-09 00:00:00,0.0,-9.50702
2022-11-09 01:00:00,0.0,-23.255554
2022-11-09 02:00:00,0.0,-35.83368
2022-11-09 03:00:00,0.0,-46.10089
2022-11-09 04:00:00,0.0,-47.169495
2022-11-09 05:00:00,0.0,-25.726624
2022-11-09 06:00:00,20.136999999999944,91.19342
2022-11-09 07:00:00,931.212,942.4482
2022-11-09 08:00:00,2767.339,2448.8774
2022-11-09 09:00:00,4301.945,4193.0664
2022-11-09 10:00:00,5414.834,5330.809
2022-11-09 11:00:00,5900.168,5995.2827
2022-11-09 12:00:00,5993.786,6020.5903
2022-11-09 13:00:00,5616.918,5680.7505
2022-11-09 14:00:00,4695.905,4869.38
2022-11-09 15:00:00,3283.621,3443.2727
2022-11-09 16:00:00,1365.282,1643.1157
2022-11-09 17:00:00,43.06899999999996,242.13324
2022-11-09 18:00:00,0.0,-133.97736
2022-11-09 19:00:00,0.0,19.556458
2022-11-09 20:00:00,0.0,-7.396058
2022-11-09 21:00:00,0.0,17.513245
2022-11-09 22:00:00,0.0,7.2404165
2022-11-09 23:00:00,0.0,0.15045081
2022-11-10 00:00:00,0.0,-6.630555
2022-11-10 01:00:00,0.0,-20.098816
2022-11-10 02:00:00,0.0,-32.826355
2022-11-10 03:00:00,0.0,-44.558167
2022-11-10 04:00:00,0.0,-47.41339
2022-11-10 05:00:00,0.0,-27.99054
2022-11-10 06:00:00,20.49700000000007,64.07941
2022-11-10 07:00:00,1031.199,876.6753
2022-11-10 08:00:00,2862.377,2556.2332
2022-11-10 09:00:00,4211.354,4285.4097
2022-11-10 10:00:00,5215.124,5198.465
2022-11-10 11:00:00,5773.449,5777.7847
2022-11-10 12:00:00,5848.766,5915.8813
2022-11-10 13:00:00,5500.253,5545.4453
2022-11-10 14:00:00,4644.689,4767.7397
2022-11-10 15:00:00,3241.464,3413.395
2022-11-10 16:00:00,1319.481,1628.0746
2022-11-10 17:00:00,43.07899999999995,233.33734
2022-11-10 18:00:00,0.0,-119.64166
2022-11-10 19:00:00,0.0,20.544128
2022-11-10 20:00:00,0.0,-5.1399546
2022-11-10 21:00:00,0.0,16.219666
2022-11-10 22:00:00,0.0,4.8864126
2022-11-10 23:00:00,0.0,-2.9102182
2022-11-11 00:00:00,0.0,-10.695619
2022-11-11 01:00:00,0.0,-24.5578
2022-11-11 02:00:00,0.0,-36.985046
2022-11-11 03:00:00,0.0,-47.312073
2022-11-11 04:00:00,0.0,-48.103943
2022-11-11 05:00:00,0.0,-26.616882
2022-11-11 06:00:00,20.576999999999998,91.48041
2022-11-11 07:00:00,1035.299,928.0318
2022-11-11 08:00:00,2848.26,2559.625
2022-11-11 09:00:00,4422.262,4253.7163
2022-11-11 10:00:00,5386.087,5438.4824
2022-11-11 11:00:00,5831.873,5922.6157
2022-11-11 12:00:00,5765.168,5932.147
2022-11-11 13:00:00,5215.63,5430.7383
2022-11-11 14:00:00,4479.049,4465.406
2022-11-11 15:00:00,3170.012,3281.5632
2022-11-11 16:00:00,1339.576,1605.1112
2022-11-11 17:00:00,42.8420000000001,264.21466
2022-11-11 18:00:00,0.0,-117.90375
2022-11-11 19:00:00,0.0,29.151062
2022-11-11 20:00:00,0.0,-1.2547005
2022-11-11 21:00:00,0.0,20.653625
2022-11-11 22:00:00,0.0,7.831481
2022-11-11 23:00:00,0.0,-1.0941781
2022-11-12 00:00:00,0.0,-9.652284
2022-11-12 01:00:00,0.0,-24.315247
2022-11-12 02:00:00,0.0,-37.2713
2022-11-12 03:00:00,0.0,-47.372375
2022-11-12 04:00:00,0.0,-47.74774
2022-11-12 05:00:00,0.0,-23.523132
2022-11-12 06:00:00,16.846000000000004,103.91193
2022-11-12 07:00:00,1002.587,955.0503
2022-11-12 08:00:00,2879.365,2525.2617
2022-11-12 09:00:00,4432.208999999999,4282.134
2022-11-12 10:00:00,5357.51,5433.4194
2022-11-12 11:00:00,5749.808,5873.8486
2022-11-12 12:00:00,5557.083,5836.837
2022-11-12 13:00:00,5340.262999999999,5221.021
2022-11-12 14:00:00,4548.551,4636.206
2022-11-12 15:00:00,3204.051,3351.3748
2022-11-12 16:00:00,1303.27,1627.5712
2022-11-12 17:00:00,42.817999999999984,236.50958
2022-11-12 18:00:00,0.0,-108.32233
2022-11-12 19:00:00,0.0,24.797668
2022-11-12 20:00:00,0.0,-0.9539193
2022-11-12 21:00:00,0.0,19.555481
2022-11-12 22:00:00,0.0,6.798278
2022-11-12 23:00:00,0.0,-2.6065073
2022-11-13 00:00:00,0.0,-11.79889
2022-11-13 01:00:00,0.0,-26.58905
2022-11-13 02:00:00,0.0,-39.64435
2022-11-13 03:00:00,0.0,-48.67328
2022-11-13 04:00:00,0.0,-49.17743
2022-11-13 05:00:00,0.0,-26.186462
2022-11-13 06:00:00,16.980999999999995,98.8598
2022-11-13 07:00:00,995.687,936.1781
2022-11-13 08:00:00,2826.889,2517.452
2022-11-13 09:00:00,4449.688,4222.9473
2022-11-13 10:00:00,5393.315,5462.205
2022-11-13 11:00:00,5781.571,5915.7827
2022-11-13 12:00:00,5714.419,5865.4917
2022-11-13 13:00:00,5408.578,5382.0254
2022-11-13 14:00:00,4523.518,4680.9604
2022-11-13 15:00:00,3165.973,3299.0515
2022-11-13 16:00:00,1327.267,1574.8976
2022-11-13 17:00:00,39.36200000000008,254.4162
2022-11-13 18:00:00,0.0,-122.69208
2022-11-13 19:00:00,0.0,26.45575
2022-11-13 20:00:00,0.0,-2.8858042
2022-11-13 21:00:00,0.0,19.980286
2022-11-13 22:00:00,0.0,7.338561
2022-11-13 23:00:00,0.0,-1.4559945
2022-11-14 00:00:00,0.0,-9.601747
2022-11-14 01:00:00,0.0,-24.016052
2022-11-14 02:00:00,0.0,-36.886047
2022-11-14 03:00:00,0.0,-46.5661
2022-11-14 04:00:00,0.0,-47.42926
2022-11-14 05:00:00,0.0,-24.523254
2022-11-14 06:00:00,13.321999999999662,95.14728
2022-11-14 07:00:00,875.19,924.3859
2022-11-14 08:00:00,2655.486,2389.837
2022-11-14 09:00:00,4044.941,4060.5613
2022-11-14 10:00:00,4897.554999999999,5040.04
2022-11-14 11:00:00,4938.015,5439.2896
2022-11-14 12:00:00,4262.474,5060.184
2022-11-14 13:00:00,4422.073999999999,4015.7937
2022-11-14 14:00:00,4029.3900000000003,3904.8423
2022-11-14 15:00:00,2908.78,3059.2234
2022-11-14 16:00:00,1246.732,1553.642
2022-11-14 17:00:00,39.580999999999904,319.9328
2022-11-14 18:00:00,0.0,-55.812195
2022-11-14 19:00:00,0.0,54.40558
2022-11-14 20:00:00,0.0,16.61493
2022-11-14 21:00:00,0.0,23.7984
2022-11-14 22:00:00,0.0,1.7996207
2022-11-14 23:00:00,0.0,-18.488953
2022-11-15 00:00:00,0.0,-33.706604
2022-11-15 01:00:00,0.0,-51.84308
2022-11-15 02:00:00,0.0,-63.13556
2022-11-15 03:00:00,0.0,-65.59064
2022-11-15 04:00:00,0.0,-57.23822
2022-11-15 05:00:00,0.0,-18.859802
2022-11-15 06:00:00,13.155999999999949,194.13141
2022-11-15 07:00:00,957.044,935.1745
2022-11-15 08:00:00,2857.417,2467.2861
2022-11-15 09:00:00,4351.716,4169.5957
2022-11-15 10:00:00,5387.358,5261.264
2022-11-15 11:00:00,5898.696,5889.724
2022-11-15 12:00:00,5950.884,5997.3403
2022-11-15 13:00:00,5463.218,5614.127
2022-11-15 14:00:00,4475.349,4674.8745
2022-11-15 15:00:00,2939.128,3192.3838
2022-11-15 16:00:00,1271.786,1327.2383
2022-11-15 17:00:00,39.80199999999991,279.33966
2022-11-15 18:00:00,0.0,-136.83759
2022-11-15 19:00:00,0.0,26.645935
2022-11-15 20:00:00,0.0,-3.9990854
2022-11-15 21:00:00,0.0,19.296814
2022-11-15 22:00:00,0.0,7.2511587
2022-11-15 23:00:00,0.0,-0.59808433
2022-11-16 00:00:00,0.0,-8.499574
2022-11-16 01:00:00,0.0,-22.16034
2022-11-16 02:00:00,0.0,-34.401672
2022-11-16 03:00:00,0.0,-44.8338
2022-11-16 04:00:00,0.0,-45.4234
2022-11-16 05:00:00,0.0,-23.676208
2022-11-16 06:00:00,13.111000000000104,93.81976
2022-11-16 07:00:00,805.982,933.583
2022-11-16 08:00:00,2551.783,2312.221
2022-11-16 09:00:00,4066.017,3954.8542
2022-11-16 10:00:00,5111.46,5087.334
2022-11-16 11:00:00,5693.688,5688.182
2022-11-16 12:00:00,5853.104,5843.9526
2022-11-16 13:00:00,5469.522,5564.518
2022-11-16 14:00:00,4609.222,4728.294
2022-11-16 15:00:00,3238.878,3364.2192
2022-11-16 16:00:00,1334.705,1620.059
2022-11-16 17:00:00,40.0150000000001,243.40533
2022-11-16 18:00:00,0.0,-121.050964
2022-11-16 19:00:00,0.0,22.483948
2022-11-16 20:00:00,0.0,-4.925233
2022-11-16 21:00:00,0.0,16.535583
2022-11-16 22:00:00,0.0,3.1378775
2022-11-16 23:00:00,0.0,-4.621278
2022-11-17 00:00:00,0.0,-11.8742075
2022-11-17 01:00:00,0.0,-25.540588
2022-11-17 02:00:00,0.0,-37.223328
2022-11-17 03:00:00,0.0,-48.759705
2022-11-17 04:00:00,0.0,-50.371033
2022-11-17 05:00:00,0.0,-29.464417
2022-11-17 06:00:00,9.961000000000013,55.348938
2022-11-17 07:00:00,808.77,773.7295
2022-11-17 08:00:00,2710.746,2315.9336
2022-11-17 09:00:00,4160.16,4154.921
2022-11-17 10:00:00,5320.826,5187.9604
2022-11-17 11:00:00,5867.802,5916.392
2022-11-17 12:00:00,5897.004,6014.476
2022-11-17 13:00:00,5496.45,5592.817
2022-11-17 14:00:00,4607.417,4765.1895
2022-11-17 15:00:00,3221.424,3385.1094
2022-11-17 16:00:00,1297.913,1608.4315
2022-11-17 17:00:00,36.319999999999936,221.12457
2022-11-17 18:00:00,0.0,-119.6236
2022-11-17 19:00:00,0.0,20.32843
2022-11-17 20:00:00,0.0,-3.9345102
2022-11-17 21:00:00,0.0,17.663391
2022-11-17 22:00:00,0.0,5.6377554
2022-11-17 23:00:00,0.0,-1.724305
2022-11-18 00:00:00,0.0,-9.768983
2022-11-18 01:00:00,0.0,-23.476257
2022-11-18 02:00:00,0.0,-35.885315
2022-11-18 03:00:00,0.0,-47.80182
2022-11-18 04:00:00,0.0,-50.35797
2022-11-18 05:00:00,0.0,-31.048767
2022-11-18 06:00:00,9.885999999999967,57.716614
2022-11-18 07:00:00,835.199,818.4249
2022-11-18 08:00:00,2620.58,2345.6643
2022-11-18 09:00:00,4027.175,4045.3904
2022-11-18 10:00:00,5211.421,5042.814
2022-11-18 11:00:00,5787.781,5820.673
2022-11-18 12:00:00,5911.884,5947.2305
2022-11-18 13:00:00,5388.23,5620.744
2022-11-18 14:00:00,4269.074,4641.551
2022-11-18 15:00:00,2605.689,3037.0159
2022-11-18 16:00:00,1098.694,1050.8798
2022-11-18 17:00:00,32.64300000000003,266.25873
2022-11-18 18:00:00,0.0,-118.80768
2022-11-18 19:00:00,0.0,27.321716
2022-11-18 20:00:00,0.0,-0.87274253
2022-11-18 21:00:00,0.0,17.202576
2022-11-18 22:00:00,0.0,3.425231
2022-11-18 23:00:00,0.0,-6.239442
2022-11-19 00:00:00,0.0,-14.135682
2022-11-19 01:00:00,0.0,-27.39447
2022-11-19 02:00:00,0.0,-37.794495
2022-11-19 03:00:00,0.0,-47.59442
2022-11-19 04:00:00,0.0,-45.8067
2022-11-19 05:00:00,0.0,-23.588928
2022-11-19 06:00:00,9.935999999999922,99.63324
2022-11-19 07:00:00,800.679,856.68506
2022-11-19 08:00:00,2629.173,2300.245
2022-11-19 09:00:00,4195.931,4017.1924
2022-11-19 10:00:00,5055.614,5193.1533
2022-11-19 11:00:00,5270.482,5572.7046
2022-11-19 12:00:00,4918.778,5362.788
2022-11-19 13:00:00,4418.26,4619.695
2022-11-19 14:00:00,3436.836,3757.05
2022-11-19 15:00:00,2125.041,2352.2026
2022-11-19 16:00:00,903.247,827.1476
2022-11-19 17:00:00,29.39300000000003,269.79388
2022-11-19 18:00:00,0.0,-52.65155
2022-11-19 19:00:00,0.0,48.573303
2022-11-19 20:00:00,0.0,19.081604
2022-11-19 21:00:00,0.0,24.99884
2022-11-19 22:00:00,0.0,3.70111
2022-11-19 23:00:00,0.0,-13.697083
2022-11-20 00:00:00,0.0,-25.995789
2022-11-20 01:00:00,0.0,-42.676575
2022-11-20 02:00:00,0.0,-54.322327
2022-11-20 03:00:00,0.0,-61.206116
2022-11-20 04:00:00,0.0,-50.467224
2022-11-20 05:00:00,0.0,-13.081971
2022-11-20 06:00:00,6.51299999999992,213.37946
2022-11-20 07:00:00,562.9520000000002,962.7816
2022-11-20 08:00:00,1898.825,2055.1145
2022-11-20 09:00:00,2907.869,3144.746
2022-11-20 10:00:00,3127.162,3765.8486
2022-11-20 11:00:00,2958.839,3629.3062
2022-11-20 12:00:00,2283.088,3239.7397
2022-11-20 13:00:00,2087.666,2415.3533
2022-11-20 14:00:00,1670.044,1959.086
2022-11-20 15:00:00,1104.17,1229.8849
2022-11-20 16:00:00,421.09199999999987,565.73956
2022-11-20 17:00:00,15.669000000000096,233.30182
2022-11-20 18:00:00,0.0,95.67474
2022-11-20 19:00:00,0.0,96.46246
2022-11-20 20:00:00,0.0,65.48944
2022-11-20 21:00:00,0.0,36.4588
2022-11-20 22:00:00,0.0,-6.289735
2022-11-20 23:00:00,0.0,-45.546326
2022-11-21 00:00:00,0.0,-78.16925
2022-11-21 01:00:00,0.0,-103.008606
2022-11-21 02:00:00,0.0,-108.40668
2022-11-21 03:00:00,0.0,-100.42389
2022-11-21 04:00:00,0.0,-61.79889
2022-11-21 05:00:00,0.0,51.440613
2022-11-21 06:00:00,9.942999999999984,514.8892
2022-11-21 07:00:00,750.772,1225.3804
2022-11-21 08:00:00,2524.132,2205.6904
2022-11-21 09:00:00,3950.108,3560.2654
2022-11-21 10:00:00,4666.182,4636.2417
2022-11-21 11:00:00,5007.795,5052.9917
2022-11-21 12:00:00,4970.906,4970.6064
2022-11-21 13:00:00,4384.987,4412.7295
2022-11-21 14:00:00,3479.878,3327.9934
2022-11-21 15:00:00,2104.348,2074.9102
2022-11-21 16:00:00,898.368,744.3269
2022-11-21 17:00:00,32.82199999999989,282.45453
2022-11-21 18:00:00,0.0,-47.36322
2022-11-21 19:00:00,0.0,49.894104
2022-11-21 20:00:00,0.0,20.177795
2022-11-21 21:00:00,0.0,22.52887
2022-11-21 22:00:00,0.0,-0.9999398
2022-11-21 23:00:00,0.0,-18.35907
2022-11-22 00:00:00,0.0,-30.502136
2022-11-22 01:00:00,0.0,-47.22882
2022-11-22 02:00:00,0.0,-57.781555
2022-11-22 03:00:00,0.0,-64.8764
2022-11-22 04:00:00,0.0,-52.842102
2022-11-22 05:00:00,0.0,-14.502992
2022-11-22 06:00:00,6.4659999999998945,206.67584
2022-11-22 07:00:00,745.047,905.9146
2022-11-22 08:00:00,2593.558,2239.166
2022-11-22 09:00:00,3998.013,3851.9788
2022-11-22 10:00:00,5159.965,4858.0757
2022-11-22 11:00:00,5755.4,5633.0635
2022-11-22 12:00:00,5844.178,5817.8135
2022-11-22 13:00:00,5478.413,5471.331
2022-11-22 14:00:00,4604.372,4615.72
2022-11-22 15:00:00,3209.7440000000006,3209.7898
2022-11-22 16:00:00,1317.104,1529.9946
2022-11-22 17:00:00,36.30600000000027,239.73175
2022-11-22 18:00:00,0.0,-122.66852
2022-11-22 19:00:00,0.0,22.218811
2022-11-22 20:00:00,0.0,-4.263856
2022-11-22 21:00:00,0.0,16.519592
2022-11-22 22:00:00,0.0,3.2260122
2022-11-22 23:00:00,0.0,-4.1359262
2022-11-23 00:00:00,0.0,-12.027528
2022-11-23 01:00:00,0.0,-25.605042
2022-11-23 02:00:00,0.0,-37.34674
2022-11-23 03:00:00,0.0,-49.21393
2022-11-23 04:00:00,0.0,-51.261047
2022-11-23 05:00:00,0.0,-31.20465
2022-11-23 06:00:00,6.500999999999976,49.786804
2022-11-23 07:00:00,808.508,760.616
2022-11-23 08:00:00,2689.547,2316.7415
2022-11-23 09:00:00,4157.405,4130.9355
2022-11-23 10:00:00,5155.005,5187.5366
2022-11-23 11:00:00,5535.423,5728.244
2022-11-23 12:00:00,5443.543,5675.3345
2022-11-23 13:00:00,5228.389,5162.2344
2022-11-23 14:00:00,4510.941,4561.826
2022-11-23 15:00:00,3225.5,3359.246
2022-11-23 16:00:00,1324.773,1668.8007
2022-11-23 17:00:00,36.30300000000011,250.22797
2022-11-23 18:00:00,0.0,-106.301575
2022-11-23 19:00:00,0.0,29.452942
2022-11-23 20:00:00,0.0,0.5884391
2022-11-23 21:00:00,0.0,19.261536
2022-11-23 22:00:00,0.0,3.9638052
2022-11-23 23:00:00,0.0,-6.5012827
2022-11-24 00:00:00,0.0,-16.076477
2022-11-24 01:00:00,0.0,-31.032898
2022-11-24 02:00:00,0.0,-43.33026
2022-11-24 03:00:00,0.0,-53.16461
2022-11-24 04:00:00,0.0,-53.486145
2022-11-24 05:00:00,0.0,-29.603577
2022-11-24 06:00:00,6.567999999999984,82.93939
2022-11-24 07:00:00,791.386,808.9829
2022-11-24 08:00:00,2694.194,2303.0386
2022-11-24 09:00:00,4236.462,4115.2114
2022-11-24 10:00:00,5049.231,5259.8145
2022-11-24 11:00:00,5683.865,5578.961
2022-11-24 12:00:00,5779.769,5839.2637
2022-11-24 13:00:00,5404.949,5503.6377
2022-11-24 14:00:00,4541.913,4697.407
2022-11-24 15:00:00,3223.339,3342.836
2022-11-24 16:00:00,1333.013,1635.2998
2022-11-24 17:00:00,36.49800000000005,244.38715
2022-11-24 18:00:00,0.0,-118.76276
2022-11-24 19:00:00,0.0,25.351746
2022-11-24 20:00:00,0.0,-2.2140512
2022-11-24 21:00:00,0.0,18.912537
2022-11-24 22:00:00,0.0,3.8458853
2022-11-24 23:00:00,0.0,-3.7122202
2022-11-25 00:00:00,0.0,-12.154603
2022-11-25 01:00:00,0.0,-26.370544
2022-11-25 02:00:00,0.0,-38.602356
2022-11-25 03:00:00,0.0,-50.048035
2022-11-25 04:00:00,0.0,-51.588684
2022-11-25 05:00:00,0.0,-29.72992
2022-11-25 06:00:00,6.539999999999964,68.044495
2022-11-25 07:00:00,781.857,804.29675
2022-11-25 08:00:00,2649.751,2291.389
2022-11-25 09:00:00,4138.118,4084.105
2022-11-25 10:00:00,5011.38,5170.9556
2022-11-25 11:00:00,5511.6,5564.3726
2022-11-25 12:00:00,5748.275,5673.602
2022-11-25 13:00:00,5365.419,5497.373
2022-11-25 14:00:00,4561.173,4669.3745
2022-11-25 15:00:00,3208.263,3377.2542
2022-11-25 16:00:00,1321.869,1623.1625
2022-11-25 17:00:00,36.50700000000006,248.81451
2022-11-25 18:00:00,0.0,-116.39093
2022-11-25 19:00:00,0.0,25.768005
2022-11-25 20:00:00,0.0,-2.3129282
2022-11-25 21:00:00,0.0,17.814026
2022-11-25 22:00:00,0.0,2.3949575
2022-11-25 23:00:00,0.0,-6.263978
2022-11-26 00:00:00,0.0,-14.109681
2022-11-26 01:00:00,0.0,-28.419739
2022-11-26 02:00:00,0.0,-40.313904
2022-11-26 03:00:00,0.0,-51.616516
2022-11-26 04:00:00,0.0,-52.503113
2022-11-26 05:00:00,0.0,-30.31842
2022-11-26 06:00:00,0.0,68.88727
2022-11-26 07:00:00,684.865,779.7061
2022-11-26 08:00:00,2657.51,2189.8118
2022-11-26 09:00:00,4204.962,4114.4595
2022-11-26 10:00:00,5081.347,5260.237
2022-11-26 11:00:00,5458.763,5637.0557
2022-11-26 12:00:00,5674.764,5609.3135
2022-11-26 13:00:00,5361.723,5433.947
2022-11-26 14:00:00,4546.269,4687.6455
2022-11-26 15:00:00,3219.285,3377.4214
2022-11-26 16:00:00,1372.475,1639.3295
2022-11-26 17:00:00,36.506000000000085,274.61383
2022-11-26 18:00:00,0.0,-125.352234
2022-11-26 19:00:00,0.0,29.020813
2022-11-26 20:00:00,0.0,-1.9468392
2022-11-26 21:00:00,0.0,19.108093
2022-11-26 22:00:00,0.0,3.6304312
2022-11-26 23:00:00,0.0,-5.349183
2022-11-27 00:00:00,0.0,-13.58722
2022-11-27 01:00:00,0.0,-28.137512
2022-11-27 02:00:00,0.0,-40.339172
2022-11-27 03:00:00,0.0,-51.922424
2022-11-27 04:00:00,0.0,-53.538025
2022-11-27 05:00:00,0.0,-30.99823
2022-11-27 06:00:00,0.0,60.11505
2022-11-27 07:00:00,736.3959999999998,746.5571
2022-11-27 08:00:00,2611.268,2246.0269
2022-11-27 09:00:00,4138.993,4044.9448
2022-11-27 10:00:00,5061.838,5178.937
2022-11-27 11:00:00,5465.242,5623.5566
2022-11-27 12:00:00,5484.508,5616.766
2022-11-27 13:00:00,5227.921,5227.518
2022-11-27 14:00:00,4511.18,4573.5493
2022-11-27 15:00:00,3197.992,3376.4797
2022-11-27 16:00:00,1375.783,1650.9393
2022-11-27 17:00:00,36.50500000000011,288.8106
2022-11-27 18:00:00,0.0,-120.963806
2022-11-27 19:00:00,0.0,32.97455
2022-11-27 20:00:00,0.0,-0.42010584
2022-11-27 21:00:00,0.0,19.594055
2022-11-27 22:00:00,0.0,2.8074331
2022-11-27 23:00:00,0.0,-6.887391
2022-11-28 00:00:00,0.0,-15.940003
2022-11-28 01:00:00,0.0,-30.759583
2022-11-28 02:00:00,0.0,-42.735657
2022-11-28 03:00:00,0.0,-53.2088
2022-11-28 04:00:00,0.0,-53.692078
2022-11-28 05:00:00,0.0,-29.309265
2022-11-28 06:00:00,0.0,71.743225
2022-11-28 07:00:00,134.06099999999992,756.9408
2022-11-28 08:00:00,515.347,1621.8702
2022-11-28 09:00:00,880.977,1868.5538
2022-11-28 10:00:00,1443.223,1985.6669
2022-11-28 11:00:00,1940.054,2263.412
2022-11-28 12:00:00,2347.661,2495.0178
2022-11-28 13:00:00,2737.13,2645.57
2022-11-28 14:00:00,2717.244,2752.8787
2022-11-28 15:00:00,2107.543,2380.3123
2022-11-28 16:00:00,854.337,1372.7458
2022-11-28 17:00:00,26.21199999999999,416.56122
2022-11-28 18:00:00,0.0,147.66241
2022-11-28 19:00:00,0.0,147.31976
2022-11-28 20:00:00,0.0,97.82538
2022-11-28 21:00:00,0.0,72.9527
2022-11-28 22:00:00,0.0,44.27765
2022-11-28 23:00:00,0.0,9.291686
2022-11-29 00:00:00,0.0,-23.927063
2022-11-29 01:00:00,0.0,-50.81012
2022-11-29 02:00:00,0.0,-74.158264
2022-11-29 03:00:00,0.0,-88.43524
2022-11-29 04:00:00,0.0,-84.87775
2022-11-29 05:00:00,0.0,-69.54718
2022-11-29 06:00:00,0.0,-14.267762
2022-11-29 07:00:00,714.303,250.68854
2022-11-29 08:00:00,2588.994,1310.6284
2022-11-29 09:00:00,4256.6,3566.2607
2022-11-29 10:00:00,5140.184,5249.4077
2022-11-29 11:00:00,5607.961,5749.527
2022-11-29 12:00:00,5622.369,5750.171
2022-11-29 13:00:00,5363.68,5260.9033
2022-11-29 14:00:00,4565.21,4513.735
2022-11-29 15:00:00,3251.929,3202.001
2022-11-29 16:00:00,1391.078,1595.8435
2022-11-29 17:00:00,36.524000000000115,275.4616
2022-11-29 18:00:00,0.0,-127.52582
2022-11-29 19:00:00,0.0,29.317688
2022-11-29 20:00:00,0.0,-2.5908823
2022-11-29 21:00:00,0.0,19.753479
2022-11-29 22:00:00,0.0,4.0614614
2022-11-29 23:00:00,0.0,-3.9883432
2022-11-30 00:00:00,0.0,-12.540589
2022-11-30 01:00:00,0.0,-26.99469
2022-11-30 02:00:00,0.0,-39.296936
2022-11-30 03:00:00,0.0,-50.542053
2022-11-30 04:00:00,0.0,-52.55963
2022-11-30 05:00:00,0.0,-30.195374
2022-11-30 06:00:00,0.0,53.962708
2022-11-30 07:00:00,692.5330000000001,741.62384
2022-11-30 08:00:00,2575.702,2199.1453
2022-11-30 09:00:00,4185.511,4019.641
2022-11-30 10:00:00,5148.967,5251.0454
2022-11-30 11:00:00,5696.073,5724.1045
2022-11-30 12:00:00,5782.056999999999,5857.8066
2022-11-30 13:00:00,5392.899,5514.227
2022-11-30 14:00:00,4532.354,4701.3926
2022-11-30 15:00:00,3227.461,3358.1663
2022-11-30 16:00:00,1385.985,1655.1259
2022-11-30 17:00:00,36.10500000000002,273.41766
2022-11-30 18:00:00,0.0,-130.54205
2022-11-30 19:00:00,0.0,28.35614
2022-11-30 20:00:00,0.0,-3.0896616
2022-11-30 21:00:00,0.0,19.372498
2022-11-30 22:00:00,0.0,4.735778
2022-11-30 23:00:00,0.0,-2.7160044
2022-12-01 00:00:00,0.0,-11.114076
2022-12-01 01:00:00,0.0,-25.211731
2022-12-01 02:00:00,0.0,-37.345154
2022-12-01 03:00:00,0.0,-49.440735
2022-12-01 04:00:00,0.0,-51.80072
2022-12-01 05:00:00,0.0,-29.934021
2022-12-01 06:00:00,0.0,48.33075
2022-12-01 07:00:00,581.8799999999999,737.39624
2022-12-01 08:00:00,2099.951,2081.1384
2022-12-01 09:00:00,2928.869,3503.0369
2022-12-01 10:00:00,4001.125,3890.7102
2022-12-01 11:00:00,4835.713,4631.098
2022-12-01 12:00:00,5290.742,5135.719
2022-12-01 13:00:00,4959.08,5151.3555
2022-12-01 14:00:00,4110.067,4363.3706
2022-12-01 15:00:00,2858.823,3046.9124
2022-12-01 16:00:00,1285.424,1427.9025
2022-12-01 17:00:00,36.702999999999975,334.14435
2022-12-01 18:00:00,0.0,-93.31415
2022-12-01 19:00:00,0.0,43.674377
2022-12-01 20:00:00,0.0,5.5892935
2022-12-01 21:00:00,0.0,12.738585
2022-12-01 22:00:00,0.0,-6.8444223
2022-12-01 23:00:00,0.0,-18.143982
2022-12-02 00:00:00,0.0,-31.59845
2022-12-02 01:00:00,0.0,-45.86493
2022-12-02 02:00:00,0.0,-53.464783
2022-12-02 03:00:00,0.0,-58.54303
2022-12-02 04:00:00,0.0,-51.162903
2022-12-02 05:00:00,0.0,-27.8703
2022-12-02 06:00:00,0.0,88.34198
2022-12-02 07:00:00,655.3779999999999,614.8079
2022-12-02 08:00:00,2528.772,2122.6484
2022-12-02 09:00:00,4103.837,3931.338
2022-12-02 10:00:00,4966.187,5104.775
2022-12-02 11:00:00,5318.188,5501.6406
2022-12-02 12:00:00,5168.831,5453.5015
2022-12-02 13:00:00,4766.329,4912.0063
2022-12-02 14:00:00,3858.1640000000007,4123.4956
2022-12-02 15:00:00,2660.159,2771.814
2022-12-02 16:00:00,1189.362,1267.4325
2022-12-02 17:00:00,33.18100000000004,307.61407
2022-12-02 18:00:00,0.0,-87.908875
2022-12-02 19:00:00,0.0,46.48456
2022-12-02 20:00:00,0.0,12.428161
2022-12-02 21:00:00,0.0,24.114319
2022-12-02 22:00:00,0.0,3.8182974
2022-12-02 23:00:00,0.0,-10.899232
2022-12-03 00:00:00,0.0,-23.42389
2022-12-03 01:00:00,0.0,-39.425964
2022-12-03 02:00:00,0.0,-50.09308
2022-12-03 03:00:00,0.0,-58.78131
2022-12-03 04:00:00,0.0,-54.12433
2022-12-03 05:00:00,0.0,-21.741882
2022-12-03 06:00:00,0.0,125.22626
2022-12-03 07:00:00,423.75199999999995,806.07556
2022-12-03 08:00:00,1797.681,1926.9875
2022-12-03 09:00:00,2956.29,3126.9692
2022-12-03 10:00:00,4169.778,3906.8813
2022-12-03 11:00:00,5008.245,4755.8853
2022-12-03 12:00:00,5371.29,5241.046
2022-12-03 13:00:00,5264.665,5175.2314
2022-12-03 14:00:00,4614.52,4608.5283
2022-12-03 15:00:00,3288.352,3444.2217
2022-12-03 16:00:00,1415.14,1708.5128
2022-12-03 17:00:00,36.580999999999904,314.003
2022-12-03 18:00:00,0.0,-111.27936
2022-12-03 19:00:00,0.0,32.168396
2022-12-03 20:00:00,0.0,-5.5672007
2022-12-03 21:00:00,0.0,8.562682
2022-12-03 22:00:00,0.0,-2.4182749
2022-12-03 23:00:00,0.0,-12.412782
2022-12-04 00:00:00,0.0,-26.21112
2022-12-04 01:00:00,0.0,-39.314026
2022-12-04 02:00:00,0.0,-47.39093
2022-12-04 03:00:00,0.0,-56.74359
2022-12-04 04:00:00,0.0,-57.555115
2022-12-04 05:00:00,0.0,-44.31317
2022-12-04 06:00:00,0.0,1.0481559
2022-12-04 07:00:00,641.067,444.00446
2022-12-04 08:00:00,2490.056,1993.8448
2022-12-04 09:00:00,4079.0960000000005,3936.4414
2022-12-04 10:00:00,5114.084,5137.1577
2022-12-04 11:00:00,5534.221,5704.38
2022-12-04 12:00:00,5628.043,5688.9146
2022-12-04 13:00:00,5411.134,5383.663
2022-12-04 14:00:00,4553.586,4758.9688
2022-12-04 15:00:00,3252.054,3401.708
2022-12-04 16:00:00,1422.169,1685.3639
2022-12-04 17:00:00,36.702999999999975,292.8061
2022-12-04 18:00:00,0.0,-133.97028
2022-12-04 19:00:00,0.0,30.398376
2022-12-04 20:00:00,0.0,-3.9286509
2022-12-04 21:00:00,0.0,18.423157
2022-12-04 22:00:00,0.0,4.1099234
2022-12-04 23:00:00,0.0,-4.2523813
2022-12-05 00:00:00,0.0,-13.174378
2022-12-05 01:00:00,0.0,-27.341492
2022-12-05 02:00:00,0.0,-39.119934
2022-12-05 03:00:00,0.0,-50.63971
2022-12-05 04:00:00,0.0,-52.676086
2022-12-05 05:00:00,0.0,-30.791077
2022-12-05 06:00:00,0.0,39.26703
2022-12-05 07:00:00,402.58200000000033,683.7299
2022-12-05 08:00:00,1274.579,1891.2699
2022-12-05 09:00:00,1582.519,2614.4375
2022-12-05 10:00:00,2091.89,2537.2722
2022-12-05 11:00:00,2368.969,2751.9548
2022-12-05 12:00:00,2268.928,2786.244
2022-12-05 13:00:00,2116.588,2456.8936
2022-12-05 14:00:00,1697.545,2101.089
2022-12-05 15:00:00,1123.152,1448.7738
2022-12-05 16:00:00,500.019,677.4123
2022-12-05 17:00:00,23.021999999999935,307.51068
2022-12-05 18:00:00,0.0,123.26312
2022-12-05 19:00:00,0.0,120.80536
2022-12-05 20:00:00,0.0,80.90753
2022-12-05 21:00:00,0.0,48.962097
2022-12-05 22:00:00,0.0,10.472228
2022-12-05 23:00:00,0.0,-26.753967
2022-12-06 00:00:00,0.0,-54.336975
2022-12-06 01:00:00,0.0,-74.28168
2022-12-06 02:00:00,0.0,-92.89081
2022-12-06 03:00:00,0.0,-76.5943
2022-12-06 04:00:00,0.0,-56.786926
2022-12-06 05:00:00,0.0,19.18341
2022-12-06 06:00:00,0.0,342.69904
2022-12-06 07:00:00,181.94499999999994,829.88763
2022-12-06 08:00:00,879.599,1493.3007
2022-12-06 09:00:00,1529.638,2272.0818
2022-12-06 10:00:00,2007.753,2655.6484
2022-12-06 11:00:00,2261.544,2792.797
2022-12-06 12:00:00,2300.59,2687.9795
2022-12-06 13:00:00,2804.585,2364.262
2022-12-06 14:00:00,2794.748,2419.0667
2022-12-06 15:00:00,2314.023,2009.9274
2022-12-06 16:00:00,952.468,1369.4807
2022-12-06 17:00:00,33.72499999999991,409.97992
2022-12-06 18:00:00,0.0,127.891785
2022-12-06 19:00:00,0.0,130.38043
2022-12-06 20:00:00,0.0,78.98651
2022-12-06 21:00:00,0.0,54.40326
2022-12-06 22:00:00,0.0,20.08844
2022-12-06 23:00:00,0.0,-15.291688
2022-12-07 00:00:00,0.0,-49.926575
2022-12-07 01:00:00,0.0,-75.22748
2022-12-07 02:00:00,0.0,-89.776306
2022-12-07 03:00:00,0.0,-93.06232
2022-12-07 04:00:00,0.0,-85.566956
2022-12-07 05:00:00,0.0,-44.25128
2022-12-07 06:00:00,0.0,99.88605
2022-12-07 07:00:00,583.7859999999998,494.37555
2022-12-07 08:00:00,2528.111,1594.7494
2022-12-07 09:00:00,4141.102,3781.2573
2022-12-07 10:00:00,5198.428,5160.67
2022-12-07 11:00:00,5679.199,5829.9707
2022-12-07 12:00:00,5530.864,5859.69
2022-12-07 13:00:00,5397.603,5204.2593
2022-12-07 14:00:00,4654.512,4611.716
2022-12-07 15:00:00,3385.671,3356.6868
2022-12-07 16:00:00,1502.889,1729.0045
2022-12-07 17:00:00,40.87699999999995,307.50165
2022-12-07 18:00:00,0.0,-141.05963
2022-12-07 19:00:00,0.0,31.154846
2022-12-07 20:00:00,0.0,-4.9596567
2022-12-07 21:00:00,0.0,19.159851
2022-12-07 22:00:00,0.0,6.1986685
2022-12-07 23:00:00,0.0,-1.9408578
2022-12-08 00:00:00,0.0,-11.881654
2022-12-08 01:00:00,0.0,-26.152649
2022-12-08 02:00:00,0.0,-38.578186
2022-12-08 03:00:00,0.0,-50.370422
2022-12-08 04:00:00,0.0,-53.903625
2022-12-08 05:00:00,0.0,-33.98456
2022-12-08 06:00:00,0.0,28.44806
2022-12-08 07:00:00,594.2729999999999,657.8089
2022-12-08 08:00:00,2553.584,2094.8389
2022-12-08 09:00:00,4141.958,4031.4382
2022-12-08 10:00:00,5056.704,5234.6826
2022-12-08 11:00:00,5591.869,5642.2793
2022-12-08 12:00:00,5756.979,5775.28
2022-12-08 13:00:00,5616.017,5533.2817
2022-12-08 14:00:00,4796.156,4979.0
2022-12-08 15:00:00,3434.598,3640.967
2022-12-08 16:00:00,1524.504,1820.6813
2022-12-08 17:00:00,40.878999999999905,306.91888
2022-12-08 18:00:00,0.0,-155.3797
2022-12-08 19:00:00,0.0,26.692932
2022-12-08 20:00:00,0.0,-9.349061
2022-12-08 21:00:00,0.0,16.992493
2022-12-08 22:00:00,0.0,4.262023
2022-12-08 23:00:00,0.0,-2.232728
2022-12-09 00:00:00,0.0,-10.2249155
2022-12-09 01:00:00,0.0,-23.87738
2022-12-09 02:00:00,0.0,-36.098083
2022-12-09 03:00:00,0.0,-48.553284
2022-12-09 04:00:00,0.0,-52.719666
2022-12-09 05:00:00,0.0,-34.38678
2022-12-09 06:00:00,0.0,19.620178
2022-12-09 07:00:00,631.3810000000001,648.883
2022-12-09 08:00:00,2596.265,2131.749
2022-12-09 09:00:00,4201.039,4089.2043
2022-12-09 10:00:00,5339.134,5308.4307
2022-12-09 11:00:00,5960.561,5970.9844
2022-12-09 12:00:00,6074.802,6142.224
2022-12-09 13:00:00,5682.662,5816.2544
2022-12-09 14:00:00,4791.358,4985.611
2022-12-09 15:00:00,3288.407,3600.6323
2022-12-09 16:00:00,1500.294,1654.007
2022-12-09 17:00:00,40.875,325.2154
2022-12-09 18:00:00,0.0,-175.4903
2022-12-09 19:00:00,0.0,26.009094
2022-12-09 20:00:00,0.0,-11.79828
2022-12-09 21:00:00,0.0,17.918762
2022-12-09 22:00:00,0.0,6.9247427
2022-12-09 23:00:00,0.0,2.4559927
2022-12-10 00:00:00,0.0,-4.650819
2022-12-10 01:00:00,0.0,-17.482605
2022-12-10 02:00:00,0.0,-29.862122
2022-12-10 03:00:00,0.0,-43.347717
2022-12-10 04:00:00,0.0,-48.55304
2022-12-10 05:00:00,0.0,-32.066345
2022-12-10 06:00:00,0.0,19.593933
2022-12-10 07:00:00,613.518,705.51917
2022-12-10 08:00:00,2598.965,2110.9338
2022-12-10 09:00:00,4265.798,4108.968
2022-12-10 10:00:00,5314.355,5396.8594
2022-12-10 11:00:00,5863.836,5938.551
2022-12-10 12:00:00,6003.962,6042.046
2022-12-10 13:00:00,5651.07,5752.0527
2022-12-10 14:00:00,4815.47,4960.871
2022-12-10 15:00:00,3459.203,3627.4343
2022-12-10 16:00:00,1559.658,1828.9199
2022-12-10 17:00:00,44.34999999999991,312.5041
2022-12-10 18:00:00,0.0,-167.26349
2022-12-10 19:00:00,0.0,25.638
2022-12-10 20:00:00,0.0,-10.723329
2022-12-10 21:00:00,0.0,18.642273
2022-12-10 22:00:00,0.0,7.484679
2022-12-10 23:00:00,0.0,2.48944
2022-12-11 00:00:00,0.0,-4.701722
2022-12-11 01:00:00,0.0,-18.005798
2022-12-11 02:00:00,0.0,-30.855774
2022-12-11 03:00:00,0.0,-44.57367
2022-12-11 04:00:00,0.0,-50.34503
2022-12-11 05:00:00,0.0,-34.598206
2022-12-11 06:00:00,0.0,15.910338
2022-12-11 07:00:00,595.1180000000002,683.30365
2022-12-11 08:00:00,2568.992,2094.2622
2022-12-11 09:00:00,4214.733,4082.4375
2022-12-11 10:00:00,5075.776,5350.875
2022-12-11 11:00:00,5348.285,5673.687
2022-12-11 12:00:00,5835.12,5516.251
2022-12-11 13:00:00,5595.358,5672.8955
2022-12-11 14:00:00,4779.925,4969.5386
2022-12-11 15:00:00,3447.908,3644.3262
2022-12-11 16:00:00,1561.257,1848.8909
2022-12-11 17:00:00,44.24099999999976,326.1889
2022-12-11 18:00:00,0.0,-159.07611
2022-12-11 19:00:00,0.0,28.933167
2022-12-11 20:00:00,0.0,-9.075257
2022-12-11 21:00:00,0.0,17.848694
2022-12-11 22:00:00,0.0,4.400573
2022-12-11 23:00:00,0.0,-3.147523
2022-12-12 00:00:00,0.0,-9.695863
2022-12-12 01:00:00,0.0,-23.678528
2022-12-12 02:00:00,0.0,-36.023254
2022-12-12 03:00:00,0.0,-48.878113
2022-12-12 04:00:00,0.0,-52.815613
2022-12-12 05:00:00,0.0,-34.07306
2022-12-12 06:00:00,0.0,23.247131
2022-12-12 07:00:00,570.9089999999997,653.56354
2022-12-12 08:00:00,2491.793,2068.808
2022-12-12 09:00:00,4201.275,3979.215
2022-12-12 10:00:00,5133.862,5332.7393
2022-12-12 11:00:00,5416.079,5738.598
2022-12-12 12:00:00,5696.861,5578.94
2022-12-12 13:00:00,5278.831,5508.2295
2022-12-12 14:00:00,4231.659,4650.4805
2022-12-12 15:00:00,2784.106,3131.168
2022-12-12 16:00:00,1309.263,1309.8445
2022-12-12 17:00:00,40.659000000000106,343.14862
2022-12-12 18:00:00,0.0,-136.73224
2022-12-12 19:00:00,0.0,37.341125
2022-12-12 20:00:00,0.0,0.39861974
2022-12-12 21:00:00,0.0,20.977356
2022-12-12 22:00:00,0.0,5.3829947
2022-12-12 23:00:00,0.0,-5.241639
2022-12-13 00:00:00,0.0,-14.171693
2022-12-13 01:00:00,0.0,-28.490417
2022-12-13 02:00:00,0.0,-39.350647
2022-12-13 03:00:00,0.0,-50.756287
2022-12-13 04:00:00,0.0,-50.47235
2022-12-13 05:00:00,0.0,-25.344788
2022-12-13 06:00:00,0.0,61.866272
2022-12-13 07:00:00,548.3489999999999,715.7785
2022-12-13 08:00:00,2445.744,2045.9497
2022-12-13 09:00:00,4163.676,3864.6292
2022-12-13 10:00:00,5064.559,5219.9663
2022-12-13 11:00:00,5686.598,5616.3867
2022-12-13 12:00:00,5816.867,5843.784
2022-12-13 13:00:00,5485.902,5545.7515
2022-12-13 14:00:00,4774.887,4776.903
2022-12-13 15:00:00,3426.457,3563.8975
2022-12-13 16:00:00,1576.331,1790.183
2022-12-13 17:00:00,44.472999999999956,342.40546
2022-12-13 18:00:00,0.0,-164.24664
2022-12-13 19:00:00,0.0,30.770203
2022-12-13 20:00:00,0.0,-9.886781
2022-12-13 21:00:00,0.0,18.024963
2022-12-13 22:00:00,0.0,5.4662466
2022-12-13 23:00:00,0.0,-0.20575036
2022-12-14 00:00:00,0.0,-8.977235
2022-12-14 01:00:00,0.0,-22.623474
2022-12-14 02:00:00,0.0,-34.315247
2022-12-14 03:00:00,0.0,-47.966614
2022-12-14 04:00:00,0.0,-52.51581
2022-12-14 05:00:00,0.0,-35.93097
2022-12-14 06:00:00,0.0,11.760558
2022-12-14 07:00:00,493.155,615.1374
2022-12-14 08:00:00,2439.315,1982.6913
2022-12-14 09:00:00,4115.418,3941.8396
2022-12-14 10:00:00,4992.287,5257.7026
2022-12-14 11:00:00,5342.794,5597.016
2022-12-14 12:00:00,4888.826,5531.721
2022-12-14 13:00:00,4852.442,4664.7236
2022-12-14 14:00:00,4258.421,4331.642
2022-12-14 15:00:00,3113.34,3284.5713
2022-12-14 16:00:00,1449.335,1712.635
2022-12-14 17:00:00,44.335000000000036,361.7751
2022-12-14 18:00:00,0.0,-110.8454
2022-12-14 19:00:00,0.0,47.53778
2022-12-14 20:00:00,0.0,6.264098
2022-12-14 21:00:00,0.0,23.248108
2022-12-14 22:00:00,0.0,5.876525
2022-12-14 23:00:00,0.0,-7.7512827
2022-12-15 00:00:00,0.0,-22.13556
2022-12-15 01:00:00,0.0,-38.338318
2022-12-15 02:00:00,0.0,-49.70343
2022-12-15 03:00:00,0.0,-59.86664
2022-12-15 04:00:00,0.0,-59.057068
2022-12-15 05:00:00,0.0,-32.367004
2022-12-15 06:00:00,0.0,66.06464
2022-12-15 07:00:00,493.73199999999997,681.9593
2022-12-15 08:00:00,2408.212,1998.9181
2022-12-15 09:00:00,4142.528,3820.3142
2022-12-15 10:00:00,5094.495,5195.408
2022-12-15 11:00:00,5582.5,5665.9497
2022-12-15 12:00:00,5587.172,5757.1377
2022-12-15 13:00:00,5278.838,5350.4565
2022-12-15 14:00:00,4556.444,4631.5864
2022-12-15 15:00:00,3432.397,3438.725
2022-12-15 16:00:00,1611.435,1897.4259
2022-12-15 17:00:00,48.08899999999994,356.01166
2022-12-15 18:00:00,0.0,-148.7901
2022-12-15 19:00:00,0.0,37.650208
2022-12-15 20:00:00,0.0,-4.234071
2022-12-15 21:00:00,0.0,20.807678
2022-12-15 22:00:00,0.0,7.5911245
2022-12-15 23:00:00,0.0,-0.61651695
2022-12-16 00:00:00,0.0,-11.160462
2022-12-16 01:00:00,0.0,-25.690979
2022-12-16 02:00:00,0.0,-37.219788
2022-12-16 03:00:00,0.0,-50.833923
2022-12-16 04:00:00,0.0,-54.47882
2022-12-16 05:00:00,0.0,-36.591125
2022-12-16 06:00:00,0.0,19.309387
2022-12-16 07:00:00,469.087,590.8565
2022-12-16 08:00:00,2365.279,1962.5945
2022-12-16 09:00:00,4067.41,3841.0684
2022-12-16 10:00:00,4973.823,5193.608
2022-12-16 11:00:00,5427.619,5576.831
2022-12-16 12:00:00,5339.035,5621.1934
2022-12-16 13:00:00,5204.438999999999,5133.9644
2022-12-16 14:00:00,4363.773999999999,4635.3374
2022-12-16 15:00:00,3156.496,3318.4268
2022-12-16 16:00:00,1409.524,1702.3335
2022-12-16 17:00:00,44.465999999999894,312.8266
2022-12-16 18:00:00,0.0,-116.9035
2022-12-16 19:00:00,0.0,35.293518
2022-12-16 20:00:00,0.0,0.9483024
2022-12-16 21:00:00,0.0,19.778992
2022-12-16 22:00:00,0.0,5.317443
2022-12-16 23:00:00,0.0,-5.3201303
2022-12-17 00:00:00,0.0,-17.342102
2022-12-17 01:00:00,0.0,-32.252014
2022-12-17 02:00:00,0.0,-42.883484
2022-12-17 03:00:00,0.0,-55.112366
2022-12-17 04:00:00,0.0,-56.197327
2022-12-17 05:00:00,0.0,-34.819153
2022-12-17 06:00:00,0.0,29.528015
2022-12-17 07:00:00,407.76099999999997,605.45685
2022-12-17 08:00:00,2381.326,1898.3694
2022-12-17 09:00:00,4135.507,3837.9949
2022-12-17 10:00:00,5138.799,5236.6846
2022-12-17 11:00:00,5705.091,5730.7837
2022-12-17 12:00:00,5873.476,5883.0244
2022-12-17 13:00:00,5477.969,5637.7207
2022-12-17 14:00:00,4668.334999999999,4801.578
2022-12-17 15:00:00,3365.919,3508.8909
2022-12-17 16:00:00,1476.449,1782.3457
2022-12-17 17:00:00,43.77500000000032,290.90753
2022-12-17 18:00:00,0.0,-142.24164
2022-12-17 19:00:00,0.0,25.151306
2022-12-17 20:00:00,0.0,-7.308778
2022-12-17 21:00:00,0.0,17.370422
2022-12-17 22:00:00,0.0,7.6410513
2022-12-17 23:00:00,0.0,0.5618278
2022-12-18 00:00:00,0.0,-9.13849
2022-12-18 01:00:00,0.0,-22.867737
2022-12-18 02:00:00,0.0,-34.483704
2022-12-18 03:00:00,0.0,-49.074768
2022-12-18 04:00:00,0.0,-54.23163
2022-12-18 05:00:00,0.0,-39.64032
2022-12-18 06:00:00,0.0,-1.6370248
2022-12-18 07:00:00,326.683,549.9328
2022-12-18 08:00:00,2135.402,1803.0066
2022-12-18 09:00:00,3769.396,3625.9646
2022-12-18 10:00:00,4875.589,4918.982
2022-12-18 11:00:00,5379.78,5537.895
2022-12-18 12:00:00,5509.893,5611.3613
2022-12-18 13:00:00,4645.319,5324.2217
2022-12-18 14:00:00,3282.138,4027.002
2022-12-18 15:00:00,1792.132,2290.2236
2022-12-18 16:00:00,940.345,691.7358
2022-12-18 17:00:00,39.585000000000036,336.17487
2022-12-18 18:00:00,0.0,-82.60895
2022-12-18 19:00:00,0.0,45.351746
2022-12-18 20:00:00,0.0,12.379455
2022-12-18 21:00:00,0.0,19.318665
2022-12-18 22:00:00,0.0,3.366393
2022-12-18 23:00:00,0.0,-10.29181
2022-12-19 00:00:00,0.0,-24.775696
2022-12-19 01:00:00,0.0,-40.56891
2022-12-19 02:00:00,0.0,-54.481262
2022-12-19 03:00:00,0.0,-64.36615
2022-12-19 04:00:00,0.0,-57.07904
2022-12-19 05:00:00,0.0,-32.46759
2022-12-19 06:00:00,0.0,66.96112
2022-12-19 07:00:00,373.5799999999999,635.5473
2022-12-19 08:00:00,2089.384,1857.3795
2022-12-19 09:00:00,3347.889,3386.1665
2022-12-19 10:00:00,3868.727,4247.263
2022-12-19 11:00:00,3841.5550000000003,4355.543
2022-12-19 12:00:00,3305.812,4034.888
2022-12-19 13:00:00,3083.854,3238.7395
2022-12-19 14:00:00,2463.97,2678.387
2022-12-19 15:00:00,1693.125,1702.1433
2022-12-19 16:00:00,782.397,767.8927
2022-12-19 17:00:00,32.636999999999716,310.90765
2022-12-19 18:00:00,0.0,29.472351
2022-12-19 19:00:00,0.0,82.33234
2022-12-19 20:00:00,0.0,47.648743
2022-12-19 21:00:00,0.0,31.40033
2022-12-19 22:00:00,0.0,-2.3174448
2022-12-19 23:00:00,0.0,-32.711243
2022-12-20 00:00:00,0.0,-59.136536
2022-12-20 01:00:00,0.0,-82.18732
2022-12-20 02:00:00,0.0,-93.64459
2022-12-20 03:00:00,0.0,-93.83209
2022-12-20 04:00:00,0.0,-67.8266
2022-12-20 05:00:00,0.0,-15.749085
2022-12-20 06:00:00,0.0,287.93866
2022-12-20 07:00:00,344.2929999999999,962.92236
2022-12-20 08:00:00,2187.174,1865.6182
2022-12-20 09:00:00,3898.0120000000006,3349.403
2022-12-20 10:00:00,5051.584,4713.3306
2022-12-20 11:00:00,5680.674999999999,5517.143
2022-12-20 12:00:00,5810.865,5746.514
2022-12-20 13:00:00,5522.295,5409.11
2022-12-20 14:00:00,4755.196,4605.3613
2022-12-20 15:00:00,3504.74,3330.4622
2022-12-20 16:00:00,1649.973,1800.0614
2022-12-20 17:00:00,51.16599999999994,360.34442
2022-12-20 18:00:00,0.0,-167.05084
2022-12-20 19:00:00,0.0,30.681824
2022-12-20 20:00:00,0.0,-11.369203
2022-12-20 21:00:00,0.0,16.171936
2022-12-20 22:00:00,0.0,7.434142
2022-12-20 23:00:00,0.0,1.6763297
2022-12-21 00:00:00,0.0,-9.029115
2022-12-21 01:00:00,0.0,-22.289856
2022-12-21 02:00:00,0.0,-33.238342
2022-12-21 03:00:00,0.0,-47.714783
2022-12-21 04:00:00,0.0,-53.35492
2022-12-21 05:00:00,0.0,-42.90509
2022-12-21 06:00:00,0.0,-7.399476
2022-12-21 07:00:00,105.53800000000024,456.1325
2022-12-21 08:00:00,760.666,1556.6217
2022-12-21 09:00:00,1378.411,2145.7578
2022-12-21 10:00:00,2216.59,2487.738
2022-12-21 11:00:00,2845.699,3003.541
2022-12-21 12:00:00,3302.444,3323.3547
2022-12-21 13:00:00,3090.462,3503.0334
2022-12-21 14:00:00,2491.593,3028.7322
2022-12-21 15:00:00,1728.822,2099.4832
2022-12-21 16:00:00,807.464,1006.417
2022-12-21 17:00:00,33.36500000000001,371.24066
2022-12-21 18:00:00,0.0,78.12799
2022-12-21 19:00:00,0.0,113.95917
2022-12-21 20:00:00,0.0,72.884094
2022-12-21 21:00:00,0.0,53.87506
2022-12-21 22:00:00,0.0,27.50177
2022-12-21 23:00:00,0.0,-5.220643
2022-12-22 00:00:00,0.0,-36.708435
2022-12-22 01:00:00,0.0,-67.03937
2022-12-22 02:00:00,0.0,-83.70795
2022-12-22 03:00:00,0.0,-94.92291
2022-12-22 04:00:00,0.0,-91.80194
2022-12-22 05:00:00,0.0,-62.60846
2022-12-22 06:00:00,0.0,31.283508
2022-12-22 07:00:00,246.904,426.9898
2022-12-22 08:00:00,1995.896,1262.1274
2022-12-22 09:00:00,3671.108,3349.452
2022-12-22 10:00:00,4529.21,4659.4897
2022-12-22 11:00:00,4904.278,5074.617
2022-12-22 12:00:00,4850.827,5042.2646
2022-12-22 13:00:00,4532.23,4562.8247
2022-12-22 14:00:00,3837.2740000000003,3786.777
2022-12-22 15:00:00,2783.477,2654.0093
2022-12-22 16:00:00,1373.712,1380.1681
2022-12-22 17:00:00,53.80199999999991,398.9051
2022-12-22 18:00:00,0.0,-86.375916
2022-12-22 19:00:00,0.0,55.64691
2022-12-22 20:00:00,0.0,13.230529
2022-12-22 21:00:00,0.0,22.87091
2022-12-22 22:00:00,0.0,5.6797476
2022-12-22 23:00:00,0.0,-11.543031
2022-12-23 00:00:00,0.0,-29.343567
2022-12-23 01:00:00,0.0,-45.79254
2022-12-23 02:00:00,0.0,-57.563538
2022-12-23 03:00:00,0.0,-67.23895
2022-12-23 04:00:00,0.0,-64.694275
2022-12-23 05:00:00,0.0,-40.03705
2022-12-23 06:00:00,0.0,38.674377
2022-12-23 07:00:00,335.9370000000001,549.8681
2022-12-23 08:00:00,2123.214,1814.4341
2022-12-23 09:00:00,3761.153,3496.5518
2022-12-23 10:00:00,4770.484,4777.877
2022-12-23 11:00:00,5202.863,5356.4146
2022-12-23 12:00:00,5597.071999999999,5401.655
2022-12-23 13:00:00,5396.779,5408.334
2022-12-23 14:00:00,4727.598,4754.669
2022-12-23 15:00:00,3501.703,3583.1855
2022-12-23 16:00:00,1693.227,1932.7548
2022-12-23 17:00:00,57.98299999999995,402.0296
2022-12-23 18:00:00,0.0,-161.487
2022-12-23 19:00:00,0.0,36.35504
2022-12-23 20:00:00,0.0,-9.429627
2022-12-23 21:00:00,0.0,15.526671
2022-12-23 22:00:00,0.0,4.159728
2022-12-23 23:00:00,0.0,-3.807435
2022-12-24 00:00:00,0.0,-14.554139
2022-12-24 01:00:00,0.0,-28.474304
2022-12-24 02:00:00,0.0,-39.280457
2022-12-24 03:00:00,0.0,-52.32306
2022-12-24 04:00:00,0.0,-56.10785
2022-12-24 05:00:00,0.0,-44.129578
2022-12-24 06:00:00,0.0,-5.2703257
2022-12-24 07:00:00,331.0620000000001,437.34015
2022-12-24 08:00:00,2047.685,1776.0944
2022-12-24 09:00:00,3833.7110000000002,3520.835
2022-12-24 10:00:00,4875.752,4998.239
2022-12-24 11:00:00,5536.323,5533.296
2022-12-24 12:00:00,5732.553,5778.0645
2022-12-24 13:00:00,5470.017,5558.844
2022-12-24 14:00:00,4730.255,4875.1504
2022-12-24 15:00:00,3524.023,3658.9453
2022-12-24 16:00:00,1729.586,2006.1611
2022-12-24 17:00:00,58.409000000000106,408.7271
2022-12-24 18:00:00,0.0,-173.59735
2022-12-24 19:00:00,0.0,35.655457
2022-12-24 20:00:00,0.0,-11.633241
2022-12-24 21:00:00,0.0,16.339172
2022-12-24 22:00:00,0.0,6.899352
2022-12-24 23:00:00,0.0,0.85186684
2022-12-25 00:00:00,0.0,-10.401185
2022-12-25 01:00:00,0.0,-23.753845
2022-12-25 02:00:00,0.0,-34.40387
2022-12-25 03:00:00,0.0,-48.415466
2022-12-25 04:00:00,0.0,-54.545715
2022-12-25 05:00:00,0.0,-44.934998
2022-12-25 06:00:00,0.0,-8.045716
2022-12-25 07:00:00,324.8320000000001,422.78644
2022-12-25 08:00:00,1953.17,1756.4883
2022-12-25 09:00:00,3765.758,3422.999
2022-12-25 10:00:00,4799.347,4948.4585
2022-12-25 11:00:00,5346.23,5469.951
2022-12-25 12:00:00,5437.87,5587.977
2022-12-25 13:00:00,5270.196,5279.175
2022-12-25 14:00:00,4619.486,4717.8325
2022-12-25 15:00:00,3457.482,3601.3545
2022-12-25 16:00:00,1707.967,1990.813
2022-12-25 17:00:00,58.40300000000002,422.5074
2022-12-25 18:00:00,0.0,-158.38739
2022-12-25 19:00:00,0.0,41.055847
2022-12-25 20:00:00,0.0,-7.8117075
2022-12-25 21:00:00,0.0,17.210876
2022-12-25 22:00:00,0.0,6.703307
2022-12-25 23:00:00,0.0,-1.9961556
2022-12-26 00:00:00,0.0,-14.880921
2022-12-26 01:00:00,0.0,-28.83075
2022-12-26 02:00:00,0.0,-39.175964
2022-12-26 03:00:00,0.0,-52.294617
2022-12-26 04:00:00,0.0,-57.82733
2022-12-26 05:00:00,0.0,-46.01532
2022-12-26 06:00:00,0.0,-6.2036753
2022-12-26 07:00:00,331.433,426.92853
2022-12-26 08:00:00,1960.196,1742.9124
2022-12-26 09:00:00,3803.1800000000003,3411.146
2022-12-26 10:00:00,4957.383,4957.1606
2022-12-26 11:00:00,5648.121,5621.415
2022-12-26 12:00:00,5836.792,5882.9434
2022-12-26 13:00:00,5547.84,5648.3174
2022-12-26 14:00:00,4813.552,4933.7954
2022-12-26 15:00:00,3563.995,3723.9985
2022-12-26 16:00:00,1778.706,2023.6932
2022-12-26 17:00:00,66.46799999999985,427.9583
2022-12-26 18:00:00,0.0,-184.32025
2022-12-26 19:00:00,0.0,33.9693
2022-12-26 20:00:00,0.0,-14.532533
2022-12-26 21:00:00,0.0,15.538756
2022-12-26 22:00:00,0.0,8.142272
2022-12-26 23:00:00,0.0,2.899108
2022-12-27 00:00:00,0.0,-8.045716
2022-12-27 01:00:00,0.0,-20.805359
2022-12-27 02:00:00,0.0,-31.25763
2022-12-27 03:00:00,0.0,-45.285217
2022-12-27 04:00:00,0.0,-53.236145
2022-12-27 05:00:00,0.0,-45.757996
2022-12-27 06:00:00,0.0,-11.35016
2022-12-27 07:00:00,325.307,398.8642
2022-12-27 08:00:00,1979.233,1729.2178
2022-12-27 09:00:00,4012.549,3463.0916
2022-12-27 10:00:00,5042.838,5250.0273
2022-12-27 11:00:00,5654.993,5722.9404
2022-12-27 12:00:00,5753.753,5889.0845
2022-12-27 13:00:00,5541.507,5569.756
2022-12-27 14:00:00,4806.212,4954.533
2022-12-27 15:00:00,3548.4220000000005,3742.7834
2022-12-27 16:00:00,1806.14,2025.3688
2022-12-27 17:00:00,65.87999999999988,449.12518
2022-12-27 18:00:00,0.0,-192.6673
2022-12-27 19:00:00,0.0,37.017395
2022-12-27 20:00:00,0.0,-14.707826
2022-12-27 21:00:00,0.0,17.501526
2022-12-27 22:00:00,0.0,9.240172
2022-12-27 23:00:00,0.0,3.972228
2022-12-28 00:00:00,0.0,-7.0023813
2022-12-28 01:00:00,0.0,-20.095032
2022-12-28 02:00:00,0.0,-30.058655
2022-12-28 03:00:00,0.0,-44.630066
2022-12-28 04:00:00,0.0,-53.648865
2022-12-28 05:00:00,0.0,-45.881287
2022-12-28 06:00:00,0.0,-9.366151
2022-12-28 07:00:00,222.56299999999987,404.36688
2022-12-28 08:00:00,2091.838,1634.5302
2022-12-28 09:00:00,4030.5470000000005,3617.3145
2022-12-28 10:00:00,5183.409,5270.945
2022-12-28 11:00:00,5676.908,5882.945
2022-12-28 12:00:00,5654.644,5902.881
2022-12-28 13:00:00,5404.563,5467.3384
2022-12-28 14:00:00,4641.083,4837.0645
2022-12-28 15:00:00,3385.3859999999995,3613.8186
2022-12-28 16:00:00,1648.979,1918.4733
2022-12-28 17:00:00,67.4090000000001,394.46735
2022-12-28 18:00:00,0.0,-160.53741
2022-12-28 19:00:00,0.0,32.946106
2022-12-28 20:00:00,0.0,-8.482972
2022-12-28 21:00:00,0.0,18.128601
2022-12-28 22:00:00,0.0,11.090392
2022-12-28 23:00:00,0.0,3.1254263
2022-12-29 00:00:00,0.0,-9.178773
2022-12-29 01:00:00,0.0,-22.8443
2022-12-29 02:00:00,0.0,-33.34723
2022-12-29 03:00:00,0.0,-48.208313
2022-12-29 04:00:00,0.0,-55.33661
2022-12-29 05:00:00,0.0,-45.40509
2022-12-29 06:00:00,0.0,-8.988709
2022-12-29 07:00:00,138.97199999999998,426.58807
2022-12-29 08:00:00,1463.215,1588.5406
2022-12-29 09:00:00,2768.881,2902.3447
2022-12-29 10:00:00,3691.185,3889.129
2022-12-29 11:00:00,4203.706,4378.089
2022-12-29 12:00:00,4356.117,4544.018
2022-12-29 13:00:00,3855.4030000000002,4347.627
2022-12-29 14:00:00,2939.889,3511.4424
2022-12-29 15:00:00,1928.32,2236.8135
2022-12-29 16:00:00,1132.378,962.8525
2022-12-29 17:00:00,59.30099999999993,454.48248
2022-12-29 18:00:00,0.0,-32.076477
2022-12-29 19:00:00,0.0,82.09296
2022-12-29 20:00:00,0.0,35.860413
2022-12-29 21:00:00,0.0,31.295227
2022-12-29 22:00:00,0.0,9.370666
2022-12-29 23:00:00,0.0,-17.414978
2022-12-30 00:00:00,0.0,-42.718323
2022-12-30 01:00:00,0.0,-59.455383
2022-12-30 02:00:00,0.0,-74.498474
2022-12-30 03:00:00,0.0,-80.5285
2022-12-30 04:00:00,0.0,-70.481995
2022-12-30 05:00:00,0.0,-38.325745
2022-12-30 06:00:00,0.0,96.45111
2022-12-30 07:00:00,158.8979999999999,617.5673
2022-12-30 08:00:00,1280.623,1551.9233
2022-12-30 09:00:00,2040.393,2612.5793
2022-12-30 10:00:00,2538.11,2991.6965
2022-12-30 11:00:00,2630.402,3172.5176
2022-12-30 12:00:00,2294.054,3014.6055
2022-12-30 13:00:00,2287.997,2494.4604
2022-12-30 14:00:00,1900.108,2200.6143
2022-12-30 15:00:00,1321.96,1494.0957
2022-12-30 16:00:00,779.415,724.6654
2022-12-30 17:00:00,51.972999999999956,408.9621
2022-12-30 18:00:00,0.0,93.84027
2022-12-30 19:00:00,0.0,122.86102
2022-12-30 20:00:00,0.0,78.4986
2022-12-30 21:00:00,0.0,51.767883
2022-12-30 22:00:00,0.0,14.186339
2022-12-30 23:00:00,0.0,-28.88739
2022-12-31 00:00:00,0.0,-61.531067
2022-12-31 01:00:00,0.0,-84.23712
2022-12-31 02:00:00,0.0,-104.42096
2022-12-31 03:00:00,0.0,-95.31561
2022-12-31 04:00:00,0.0,-71.22015
2022-12-31 05:00:00,0.0,-15.324159
2022-12-31 06:00:00,0.0,274.4367
2022-12-31 07:00:00,117.61599999999999,826.93036
2022-12-31 08:00:00,1176.162,1560.9106
2022-12-31 09:00:00,2063.08,2537.2192
2022-12-31 10:00:00,3095.684,3110.3708
2022-12-31 11:00:00,3888.6230000000005,3771.6685
2022-12-31 12:00:00,4305.248,4201.419
2022-12-31 13:00:00,4792.661999999999,4163.989
2022-12-31 14:00:00,4595.277,4093.3376
2022-12-31 15:00:00,3633.272,3379.3647
2022-12-31 16:00:00,1887.554,2130.307
2022-12-31 17:00:00,80.86200000000008,553.23944
2022-12-31 18:00:00,0.0,-99.1983
2022-12-31 19:00:00,0.0,67.5517
2022-12-31 20:00:00,0.0,7.82257
2022-12-31 21:00:00,0.0,18.039246
2022-12-31 22:00:00,0.0,4.5474234
2022-12-31 23:00:00,0.0,-15.858705
